pde_type,grf_alpha,snn_output_res,num_test_samples,rel_l2_truncated_spectral_mean,rel_l2_full_spectral_mean,rel_l2_full_spatial_mean,rel_H1_full_mean,rel_H2_full_mean
poisson,0.5,4,150,0.4949021984859371,0.5472436487508489,0.5472436436017354,0.7310558491098416,0.9802489540842191
poisson,0.5,6,150,0.6172372107692017,0.6271623346931541,0.627162344455719,0.7997612685385834,1.0054364655864776
poisson,0.5,8,150,0.6409782968661327,0.6442084873284075,0.6442084880669912,0.9312149618178357,1.110095925193148
poisson,0.75,4,150,0.4105909179959132,0.4607109569861761,0.4607109516859055,0.6110463565601629,0.9260925932521421
poisson,0.75,6,150,0.5145869572357276,0.5232434363727518,0.5232434380054474,0.6649353182378083,0.958749277885551
poisson,0.75,8,150,0.6065662421567303,0.6087663649079095,0.6087663727005322,0.857515348810609,1.1485388717742129
poisson,1.0,4,150,0.3964628384846545,0.43771081030619274,0.43771081407864887,0.5873752413885543,0.8748375089740679
poisson,1.0,6,150,0.4377863752752854,0.44479948968624056,0.44479949285586673,0.5884982163247524,0.8957691047836477
poisson,1.0,8,150,0.44441792364191846,0.4462713545007682,0.4462713551521301,0.6226621336632964,0.9877528996677479
poisson,1.25,4,150,0.33305796921702924,0.371983155048325,0.3719831617673238,0.4993868606248708,0.7642187524014236
poisson,1.25,6,150,0.3808109795961962,0.38617412623284453,0.3861741215487321,0.5081832846985153,0.7924742791047085
poisson,1.25,8,150,0.31718656863119704,0.31897328142036396,0.3189732748270035,0.4234772603177241,0.7193147500872472
