pde_type,grf_alpha,snn_output_res,num_test_samples,rel_l2_truncated_spectral_mean,rel_l2_full_spectral_mean,rel_l2_full_spatial_mean,rel_H1_full_mean,rel_H2_full_mean
grin_fiber,1.0,32,150,0.8774877344405354,0.9034422811743472,0.9034422965844472,0.9995952266935573,1.0001627759371383
grin_fiber,1.0,48,150,0.8905305736881606,0.9000315769063868,0.9000316023826599,0.9999434551347353,1.0010056241748264
grin_fiber,1.0,64,150,0.9735042189180537,0.9735042189180537,0.9735042357444763,1.01232719727097,1.0184331144477383
grin_fiber,1.25,32,150,0.8210828324400169,0.8389397233066468,0.8389397239685059,1.0029898800483144,1.0023913766881234
grin_fiber,1.25,48,150,0.8132547356635575,0.8203103344588305,0.8203103331724803,0.9978512982420475,1.001936958372751
grin_fiber,1.25,64,150,0.8021929586108365,0.8021929586108365,0.8021929605801901,1.00498245589655,1.0212216344102951
grin_fiber,1.5,32,150,0.6321774625382326,0.6484224166703644,0.6484224383036296,0.9780527281135193,1.0012590542223627
grin_fiber,1.5,48,150,0.7015624162851558,0.7057438270183184,0.7057438345750173,0.9889915594688963,1.00518068259348
grin_fiber,1.5,64,150,0.6787555544355388,0.6787555544355388,0.6787555704514185,0.9847779927188909,1.0171159104234895
grin_fiber,1.75,32,150,0.5270308476604171,0.5350346926977005,0.5350346970558166,0.9390071304762541,1.0010615437164707
grin_fiber,1.75,48,150,0.5095149510239219,0.5120841103187204,0.5120841199159623,0.9353400170742784,1.0095762987752335
grin_fiber,1.75,64,150,0.606366791212109,0.606366791212109,0.6063667976856232,1.0112513313012617,1.262087303291265
